test,approach,tfft,totaltime,comp
web-Google,DP-WCC,28.4966895216308,28.4967222562006,2746
web-Google,BLH-WCC,25.9774856546785,25.9774856546785,2746
