test,approach,tfft,totaltime,comp
email-Enron,DP-WCC,4487.13720703125,4494.689208984375,1065
email-Enron,Haskell-WCC,4791.118896484375,4791.118896484375,1065
