test,approach,tfft,totaltime,comp
web-Google,DPFH-WCC,28.6277657688952,28.6277995142909,2746
web-Google,DP-WCC,28.5977040651767,28.5977356373746,2746
