test,approach,tfft,totaltime,comp
ca-AstroPh,DP-WCC,21.5469622654433,21.5476406164228,290
ca-AstroPh,BLH-WCC,21.7394345271039,21.7394345271039,290
