test,approach,tfft,totaltime,comp
email-Enron,DP-WCC,21.4676249519275,21.4701494420545,1065
email-Enron,BLH-WCC,21.557950697998,21.557950697998,1065
