test,approach,tfft,totaltime,comp
ca-AstroPh,DPFH-WCC,21.3532550726821,21.3539038470003,290
ca-AstroPh,DP-WCC,21.5695158609563,21.5720543829664,290
