test,approach,tfft,totaltime,comp
email-Enron,DPFH-WCC,21.073293662772,21.0752264687488,1065
email-Enron,DP-WCC,21.4680074632171,21.469961711224,1065
