test,approach,tfft,totaltime,comp
ca-AstroPh,DP-WCC,4698.600830078125,4701.472900390625,290
ca-AstroPh,Haskell-WCC,5921.355712890625,5921.355712890625,290
