test,approach,tfft,totaltime,comp
E2,DP-WCC,0.04418945312,19.46020508,290
E2,Haskell-WCC,25.713135,25.713135,290
