test,approach,tfft,totaltime,comp
E2,DP-WCC,0.009033203125,10.487060546875,290
E2,Haskell-WCC,9898.713134765625,9898.713134765625,290
