test,approach,tfft,totaltime,comp
E1,DP-WCC,0.552734375,6.8828125,1065
E1,Haskell-WCC,12.663086,12.663086,1065
