test,approach,tfft,totaltime,comp
E1,DP-WCC,0.01416015625,6.576171875,1065
E1,Haskell-WCC,8672.6630859375,8672.6630859375,1065
