test,approach,tfft,totaltime,comp
E3,DP-WCC,0.01416015625,22.416259765625,2746
E3,Haskell-WCC,157077.291015625,157077.291015625,2746
