test,approach,tfft,totaltime,comp
E3,DP-WCC,0.220947265,18.72705078,2746
E3,Haskell-WCC,15.291015625,15.291015625,2746
