test,approach,tfft,totaltime,comp
web-Google,DP-WCC,1463351.2583007813,1463376.9130859375,2746
web-Google,Haskell-WCC,1463363,1463363,2746
