test,approach,tfft,totaltime,comp
web-Google,DP-WCC,1463351.2583007813,1463376.9130859375,2746
web-Google,Haskell-WCC,79826.01416015625,79826.01416015625,2746
